Date,UserID,TweetID,TweetPol,DescPol,QuotePol,HashPol,RTUserID,QUserID,ReplyUserID,RTweetID
2018-05-15 19:00:46,15590010,996465429672587270,-0.0,0.0,0,0,None,None,1871559758,None
2018-05-15 21:04:27,2366303900,996496554273001472,-0.0,0.042,0,0,15590010,None,None,996465429672587270
2018-05-15 21:37:08,911258819451248640,996504780993449984,-0.0,0.133,0,0,15590010,None,None,996465429672587270
2018-05-16 00:00:57,15590010,996540971675537411,-0.0,0.0,0,0,None,None,29442313,None
2018-05-15 03:47:29,893750541267894272,996235593985286144,-0.002,0.25,0,0,None,None,None,None
2018-05-16 04:45:11,58784828,996612504800329729,-0.017,0.0,0,0,None,None,79252289,None
2018-05-15 21:06:41,771795990324011008,996497117567795200,-0.025,0.0,0,0,None,None,None,None
2018-05-16 13:11:36,228182567,996739946324070400,-0.025,0.0,0,0,None,None,None,None
2018-05-15 22:03:56,125509401,996511523836256258,-0.048,0.0,0,0,None,None,None,None
2018-05-15 22:05:44,535643300,996511976611352580,-0.048,0.0,0,0,125509401,None,None,996511523836256258
2018-05-15 02:02:08,1252856887,996209083215736833,-0.049,0.0,0,0,None,None,1252856887,None
2018-05-15 16:58:16,758308363,996434599730442240,-0.049,0.2,0,0,None,None,None,None
2018-05-15 23:10:52,912331015741411329,996528369335455744,-0.05,0.0,0.0,0,None,None,None,None
2018-05-16 11:02:07,752452197212905472,996707361564839937,-0.05,0.147,0,0,None,None,None,None
2018-05-16 13:38:07,988262727155093505,996746621001052162,-0.05,-0.2,-0.042,0,None,None,None,None
2018-05-16 20:17:21,1309240633,996847091925291009,-0.05,0.0,0.0,0,912331015741411329,None,None,996528369335455744
2018-05-15 02:39:21,996214418567516161,996218447989112833,-0.067,0.0,0,0,None,None,None,None
2018-05-15 17:28:26,814116954,996442192171491328,-0.067,0.0,0,0,19444865,None,None,994691626881732608
2018-05-15 18:09:48,2485759536,996452603155439617,-0.087,0.1,0,0,None,None,18927441,None
2018-05-15 03:41:41,940746499805384706,996234133469913089,-0.092,0.143,0,0,None,None,None,None
2018-05-15 02:52:21,727581821467283456,996221720955584513,-0.093,0.0,0,0,None,None,727581821467283456,None
2018-05-15 01:08:53,826932733058351105,996195680002691072,-0.099,0.0,0,0,None,None,812187643148636163,None
2018-05-15 01:24:56,2307387571,996199722468691969,-0.1,0.0,0,0,None,None,None,None
2018-05-15 01:26:02,737571851220619266,996199996079923200,-0.1,0.0,0,0,2307387571,None,None,996199722468691969
2018-05-15 02:38:36,996214418567516161,996218259220418560,-0.1,0.0,0,0,None,None,None,None
2018-05-15 05:23:25,157194482,996259738751975424,-0.1,0.0,0,0,None,None,157194482,None
2018-05-15 18:56:14,499553951,996464288716984320,-0.1,0.0,0,0,4196205073,None,None,993929049884971009
2018-05-16 07:39:56,4863852213,996656481142542337,-0.1,0.1,0,0,None,None,None,None
2018-05-16 12:19:44,19217369,996726895956910083,-0.114,0.1,0,0,None,None,759236098551840768,None
2018-05-16 00:49:44,620326679,996553251167309824,-0.119,0.0,0.0,0,None,None,None,None
2018-05-14 23:06:27,757999488657137664,996164870075662336,-0.125,0.0,0,0,None,None,None,None
2018-05-15 01:42:42,15334923,996204190845231105,-0.125,0.3,0,0,None,None,None,None
2018-05-15 01:52:43,54452294,996206711198404608,-0.125,0.175,0,0,None,None,None,None
2018-05-15 02:11:58,15334923,996211557737492481,-0.125,0.3,0,0,None,None,None,None
2018-05-15 15:06:25,757999488657137664,996406452494286848,-0.125,0.0,0,0,None,None,None,None
2018-05-16 01:18:12,777712850819223552,996560415642607616,-0.133,0.0,0,0,None,None,None,None
2018-05-15 11:50:28,134888747,996357142415380482,-0.14,-0.117,0,0,None,None,None,None
2018-05-16 19:55:50,766782086992855044,996841673547231232,-0.144,0.0,0,0,None,None,None,None
2018-05-15 12:45:52,985413946214563840,996371084026023937,-0.15,0.0,0,0,None,None,None,None
2018-05-15 19:43:25,4610054304,996476163445977089,-0.156,0.0,0.0,0,None,None,None,None
2018-05-16 18:21:33,3017801497,996817949053812741,-0.161,-0.047,0,0.0,967945486605922304,None,None,996781756882677761
2018-05-16 08:10:39,984380275252580352,996664209222979584,-0.17,-0.167,0,0,None,None,None,None
2018-05-15 08:48:14,3882342328,996311279252918272,-0.175,0.0,0,0,None,None,None,None
2018-05-15 23:29:48,1977041202,996533134610100224,-0.175,0.312,0,0,None,None,None,None
2018-05-15 23:30:59,1977041202,996533433773051904,-0.175,0.312,0,0,None,None,None,None
2018-05-15 05:02:10,44977183,996254390368399360,-0.2,0.0,0,0,None,None,795402912151244800,None
2018-05-15 05:17:34,988170859767586817,996258263334313984,-0.2,0.0,0,0,None,None,937008473258233856,None
2018-05-16 00:40:12,395186777,996550848774746112,-0.2,-0.067,0,0,None,None,94615490,None
2018-05-16 03:39:51,4748598377,996596059169345537,-0.2,-0.75,0,0,None,None,None,None
2018-05-15 11:16:46,436260390,996348661968834561,-0.205,0.09,0.0,0,None,None,None,None
2018-05-16 18:02:29,913861445447819264,996813148933025793,-0.233,-0.033,0,0,None,None,913861445447819264,None
2018-05-14 22:06:09,865551374,996149694140071936,-0.24,0.0,0,0,None,None,None,None
2018-05-15 23:18:03,1005808225,996530175251693568,-0.245,0.234,0,0,None,None,None,None
2018-05-15 23:18:31,3252454958,996530295011663872,-0.245,0.417,0,0,1005808225,None,None,996530175251693568
2018-05-15 23:18:54,2871159226,996530392227344385,-0.245,-0.16,0,0,1005808225,None,None,996530175251693568
2018-05-15 23:20:03,2595652226,996530680040325120,-0.245,0.0,0,0,1005808225,None,None,996530175251693568
2018-05-15 23:20:57,1575711288,996530908562972673,-0.245,0.1,0,0,1005808225,None,None,996530175251693568
2018-05-15 23:22:00,543784700,996531171579318272,-0.245,0.0,0,0,1005808225,None,None,996530175251693568
2018-05-15 23:23:33,966500167582081024,996531560064184321,-0.245,-0.188,0,0,1005808225,None,None,996530175251693568
2018-05-15 23:27:01,1149701984,996532435113398273,-0.245,0.0,0,0,1005808225,None,None,996530175251693568
2018-05-15 23:27:47,859881289788379143,996532625140535296,-0.245,0.0,0,0,1005808225,None,None,996530175251693568
2018-05-15 23:31:00,46940193,996533435257769989,-0.245,0.025,0,0,1005808225,None,None,996530175251693568
2018-05-15 23:35:28,427509129,996534561659084802,-0.245,0.0,0,0,1005808225,None,None,996530175251693568
2018-05-15 23:37:44,297761450,996535130704539648,-0.245,0.0,0,0,1005808225,None,None,996530175251693568
2018-05-15 23:37:48,2857917076,996535148152795136,-0.245,0.083,0,0,1005808225,None,None,996530175251693568
2018-05-15 23:47:33,1056795266,996537599450845184,-0.245,0.0,0,0,1005808225,None,None,996530175251693568
2018-05-15 23:50:51,3473835492,996538432137527298,-0.245,0.0,0,0,1005808225,None,None,996530175251693568
2018-05-15 23:53:03,2684268799,996538984192008197,-0.245,0.0,0,0,1005808225,None,None,996530175251693568
2018-05-15 23:55:46,2183677573,996539670325424129,-0.245,0.0,0,0,1005808225,None,None,996530175251693568
2018-05-15 23:55:54,554589900,996539701040427008,-0.245,0.0,0,0,1005808225,None,None,996530175251693568
2018-05-15 23:57:23,3326935843,996540074840899585,-0.245,0.3,0,0,1005808225,None,None,996530175251693568
2018-05-15 23:58:16,2502596130,996540296992210944,-0.245,0.0,0,0,1005808225,None,None,996530175251693568
2018-05-16 00:06:29,919966315539869696,996542365635510272,-0.245,0.122,0,0,1005808225,None,None,996530175251693568
2018-05-16 00:07:03,49873556,996542506472017920,-0.245,0.15,0,0,1005808225,None,None,996530175251693568
2018-05-16 00:07:32,1890489402,996542631084732417,-0.245,0.0,0,0,1005808225,None,None,996530175251693568
2018-05-16 00:17:12,335593781,996545064074653696,-0.245,0.433,0,0,1005808225,None,None,996530175251693568
2018-05-16 00:22:17,2918408751,996546340883697665,-0.245,0.0,0,0,1005808225,None,None,996530175251693568
2018-05-16 00:31:32,164725970,996548670542659585,-0.245,0.0,0,0,1005808225,None,None,996530175251693568
2018-05-16 00:32:40,538591152,996548954039963648,-0.245,0.0,0,0,1005808225,None,None,996530175251693568
2018-05-16 00:47:57,990122959,996552799906299909,-0.245,0.0,0,0,1005808225,None,None,996530175251693568
2018-05-16 00:54:43,1877943068,996554502206566407,-0.245,-0.4,0,0,1005808225,None,None,996530175251693568
2018-05-16 01:05:52,446468964,996557308711747585,-0.245,0.0,0,0,1005808225,None,None,996530175251693568
2018-05-16 01:06:15,125809451,996557407248572416,-0.245,0.0,0,0,1005808225,None,None,996530175251693568
2018-05-16 01:07:34,1403206453,996557735863902210,-0.245,0.0,0,0,1005808225,None,None,996530175251693568
2018-05-16 01:38:01,3642558919,996565400191209473,-0.245,0.0,0,0,1005808225,None,None,996530175251693568
2018-05-16 02:11:42,948644611,996573877693116416,-0.245,0.0,0,0,1005808225,None,None,996530175251693568
2018-05-16 03:37:00,527044829,996595345130844161,-0.245,0.0,0,0,1005808225,None,None,996530175251693568
2018-05-16 03:50:04,55186980,996598630394904576,-0.245,0.0,0,0,1005808225,None,None,996530175251693568
2018-05-16 04:26:11,2393027474,996607720672321537,-0.245,0.0,0,0,1005808225,None,None,996530175251693568
2018-05-16 05:21:44,837437718204301312,996621700790824965,-0.245,0.0,0,0,1005808225,None,None,996530175251693568
2018-05-16 05:34:36,948712597234376705,996624939934453760,-0.245,0.0,0,0,1005808225,None,None,996530175251693568
2018-05-16 05:46:18,432074020,996627883715059712,-0.245,1.0,0,0,1005808225,None,None,996530175251693568
2018-05-16 07:48:43,635949423,996658689476984832,-0.245,0.267,0,0,1005808225,None,None,996530175251693568
2018-05-16 08:50:19,1255468243,996674191062597633,-0.245,0.0,0,0,1005808225,None,None,996530175251693568
2018-05-16 09:12:11,918562736275054592,996679694584987648,-0.245,0.0,0,0,1005808225,None,None,996530175251693568
2018-05-16 09:33:14,568646505,996684993748439040,-0.245,0.0,0,0,1005808225,None,None,996530175251693568
2018-05-16 13:01:38,632649537,996737439338319872,-0.245,0.0,0,0,1005808225,None,None,996530175251693568
2018-05-16 10:39:35,2302346174,996701689003454465,-0.25,0.0,0,0,None,None,None,None
2018-05-15 17:33:30,37871263,996443468212846593,-0.278,0.0,0,0.0,None,None,44196397,None
2018-05-15 14:06:24,358097036,996391349321682951,-0.287,0.0,0,0.0,None,None,None,None
2018-05-16 13:51:55,993714821005590535,996750094438289408,-0.287,0.0,0,0.0,358097036,None,None,996391349321682951
2018-05-16 18:19:28,768561284782534656,996817424883310594,-0.287,0.0,0,0.0,358097036,None,None,996391349321682951
2018-05-16 10:58:57,289579747,996706566161289216,-0.3,0.0,0,0,None,None,None,None
2018-05-15 10:40:06,894606637,996339431153065984,-0.35,0.3,0.0,0,None,None,None,None
2018-05-14 23:21:58,982274613546594304,996168774398234632,-0.4,-0.167,0,0,None,None,None,None
2018-05-16 01:42:44,751190710435459072,996566589372690432,-0.4,0.0,0,0,None,None,None,None
2018-05-15 19:52:12,874588609,996478373827313664,-0.439,0.0,0,0,None,None,19877186,None
2018-05-15 00:58:19,100029653,996193020704907266,-0.5,0.0,0,0,None,None,None,None
2018-05-15 02:12:02,58114619,996211572975468544,-0.5,0.0,0,0,None,None,None,None
2018-05-15 09:23:42,988281738886397953,996320207713943552,-0.5,0.0,0,0,None,None,None,None
2018-05-15 19:13:59,229048503,996468756263112705,-0.5,-0.167,-0.062,0,None,None,None,None
2018-05-15 20:04:31,1066031046,996481470758875136,-0.5,0.325,-0.062,0,229048503,None,None,996468756263112705
2018-05-15 15:44:16,410048704,996415977859334146,-0.542,-0.15,0,0,None,None,940541429931053056,None
2018-05-15 02:45:28,945827153999998976,996219988502564865,-0.6,0.0,0,0,49640624,None,None,275131875880751105
2018-05-14 17:06:42,796225143693524992,996074337894588416,-0.7,0.0,0,0,737486649626501125,None,None,996067697703055361
2018-05-14 17:10:47,839167103777312768,996075363649441797,-0.7,0.0,0,0,737486649626501125,None,None,996067697703055361
2018-05-14 18:06:35,622720651,996089404648194049,-0.7,0.038,0,0,737486649626501125,None,None,996067697703055361
2018-05-15 02:08:56,845702151989006336,996210792881164290,-0.7,0.417,0,0,737486649626501125,None,None,996067697703055361
2018-05-15 05:21:09,819764719829430273,996259164354736128,-0.8,-0.4,0.0,0,None,None,None,None
2018-05-15 05:26:05,953322208557846528,996260407873421312,-0.8,0.222,0.0,0,819764719829430273,None,None,996259164354736128
2018-05-15 05:27:08,803069588355354624,996260670470533120,-0.8,-0.108,0.0,0,819764719829430273,None,None,996259164354736128
2018-05-15 05:40:55,1515198330,996264142565662720,-0.8,-0.75,0.0,0,819764719829430273,None,None,996259164354736128
2018-05-15 06:05:49,444489550,996270408847392768,-0.8,0.0,0.0,0,819764719829430273,None,None,996259164354736128
2018-05-15 16:12:32,172093866,996423092757917696,-0.8,0.0,0.0,0,819764719829430273,None,None,996259164354736128
2018-05-15 20:52:38,2957969696,996493580171608067,-0.8,0.0,0.0,0,819764719829430273,None,None,996259164354736128
2018-05-16 02:00:45,1905953748,996571120840204288,-0.8,0.0,0.0,0,819764719829430273,None,None,996259164354736128
2018-05-14 17:41:57,938920736760180736,996083205580185600,0.0,0.0,0.0,0,None,None,None,None
2018-05-14 18:07:18,3176663426,996089584713953280,0.0,0.5,0,0,None,None,None,None
2018-05-14 21:03:40,747267762196733952,996133972529897474,0.0,0.0,0.0,0.0,None,None,None,None
2018-05-14 23:13:31,927248788162580480,996166650159300609,0.0,0.0,0,0,None,None,None,None
2018-05-14 23:27:14,2918592280,996170099672469504,0.0,0.0,0,0,None,None,None,None
2018-05-14 23:49:56,977968530950795264,996175811769085952,0.0,-0.125,0,0,None,None,14982315,None
2018-05-14 23:54:24,1728229224,996176937314811904,0.0,0.5,0,0,None,None,None,None
2018-05-14 23:59:35,605832550,996178242079023112,0.0,0.0,0,0,None,None,None,None
2018-05-15 00:08:37,1977041202,996180514871574528,0.0,0.312,0,0,None,None,None,None
2018-05-15 00:09:19,491868519,996180691380469761,0.0,0.0,0,0,1977041202,None,None,996180514871574528
2018-05-15 00:14:36,836254070,996182019351764992,0.0,0.5,0,0,1977041202,None,None,996180514871574528
2018-05-15 00:32:14,2361816732,996186459399970818,0.0,0.425,0,0,1977041202,None,None,996180514871574528
2018-05-15 00:51:40,4503898516,996191349593591814,0.0,-0.2,0,0,None,None,None,None
2018-05-15 01:24:51,2562814859,996199698883985408,0.0,0.25,0,0,1977041202,None,None,996180514871574528
2018-05-15 01:26:46,2439370766,996200180352471040,0.0,0.106,0,0,2439370766,None,None,941043505622867971
2018-05-15 01:45:51,2284519267,996204984256606208,0.0,0.0,0,0,None,None,None,None
2018-05-15 01:54:56,150020723,996207271137959936,0.0,-0.2,0,0,1977041202,None,None,996180514871574528
2018-05-15 02:45:30,908485384149008384,996219996819763200,0.0,0.0,0,0,None,None,None,None
2018-05-15 04:13:22,3502124954,996242109479968768,0.0,0.2,0,0,1977041202,None,None,996180514871574528
2018-05-15 04:20:38,840526827890200580,996243937303060480,0.0,0.0,0,0,None,None,None,None
2018-05-15 06:07:13,930875775120588800,996270757276610561,0.0,0.0,0,0,None,None,3348335724,None
2018-05-15 07:12:10,2356775490,996287104887001088,0.0,0.0,0,0,None,None,None,None
2018-05-15 07:27:23,2379363732,996290934844395520,0.0,0.0,0,0,None,None,None,None
2018-05-15 09:28:28,221578538,996321403715637248,0.0,0.0,0,0,None,None,221578538,None
2018-05-15 11:37:28,3304033783,996353868031299589,0.0,-0.389,0,0,None,None,1309087076,None
2018-05-15 11:40:21,833944430482649088,996354593293389826,0.0,0.0,0,0,None,None,None,None
2018-05-15 12:03:26,58285508,996360404870815745,0.0,0.0,0,0,None,None,None,None
2018-05-15 12:09:34,152346540,996361948315910145,0.0,0.058,0,0,58285508,None,None,996360404870815745
2018-05-15 12:13:47,377699486,996363007214145536,0.0,0.0,0,0,58285508,None,None,996360404870815745
2018-05-15 12:28:21,1625674682,996366674835030016,0.0,0.0,0,0,58285508,None,None,996360404870815745
2018-05-15 12:38:29,32126843,996369224816873473,0.0,0.0,0,0,None,None,None,None
2018-05-15 12:50:13,316231861,996372176168210432,0.0,0.039,0.0,0,None,None,None,None
2018-05-15 13:44:40,814350755524124672,996385880402210817,0.0,0.04,0,0,None,None,814350755524124672,None
2018-05-15 13:50:45,814350755524124672,996387409683197952,0.0,0.04,0,0.0,None,None,814350755524124672,None
2018-05-15 14:20:03,1020617850,996394786423820290,0.0,0.0,0,0,None,None,None,None
2018-05-15 14:35:03,25009031,996398559091200001,0.0,0.075,0,0.0,872934084,None,None,996386678477639680
2018-05-15 14:41:26,953328350352715776,996400167757598720,0.0,0.1,0,0,None,None,None,None
2018-05-15 15:08:41,623580580,996407023515430913,0.0,0.4,0,0,None,None,None,None
2018-05-15 18:20:46,348212332,996455363690967040,0.0,0.125,0,0,None,None,None,None
2018-05-15 18:26:17,990104095758471169,996456751720488960,0.0,0.0,0,0,None,None,2634575514,None
2018-05-15 18:32:49,744075270,996458397292748800,0.0,0.1,0,0,None,None,None,None
2018-05-15 19:12:49,975157989400305666,996468462326337536,0.0,0.0,0,0,None,None,None,None
2018-05-15 20:11:59,92907532,996483350805204992,0.0,-0.04,0,0,None,None,None,None
2018-05-15 20:15:31,2642000607,996484241046364160,0.0,0.0,0,0,1977041202,None,None,996180514871574528
2018-05-15 20:24:04,2298608443,996486394275971072,0.0,0.433,0,0,None,None,723310919082598400,None
2018-05-15 20:51:34,1483230276,996493314953306117,0.0,0.0,0,0,None,None,None,None
2018-05-15 21:12:59,21624327,996498703052488704,0.0,0.085,0,0,None,None,None,None
2018-05-15 23:16:40,555552169,996529828957491200,0.0,0.0,-0.312,0,None,None,None,None
2018-05-15 23:17:41,795021571622510592,996530086642896903,0.0,0.0,0,0,None,None,2772317371,None
2018-05-15 23:31:16,954944636073795585,996533502735736832,0.0,0.0,0,0,None,None,None,None
2018-05-16 00:16:19,844353181480108033,996544842229526528,0.0,0.0,0,0,764574111842598912,None,None,954387455918202883
2018-05-16 00:59:25,857262545517793282,996555685402890241,0.0,0.0,0,0.0,None,None,None,None
2018-05-16 00:59:33,18084285,996555721268314113,0.0,0.3,0,0,None,None,452719589,None
2018-05-16 02:20:41,902264981848289281,996576137097687042,0.0,0.0,0,0,None,None,None,None
2018-05-16 03:06:25,986466527011573760,996587648776114181,0.0,0.102,0.468,0,None,None,None,None
2018-05-16 03:35:56,33053658,996595076347314178,0.0,0.125,-0.061,0,None,None,None,None
2018-05-16 03:53:35,11601582,996599516420812801,0.0,0.0,-0.05,0.0,None,None,None,None
2018-05-16 05:01:32,830257998169767937,996616617936195584,0.0,0.0,0,0,None,None,None,None
2018-05-16 05:32:00,856338913,996624283680960512,0.0,0.0,0,0,None,None,None,None
2018-05-16 06:05:36,453286121,996632742208077824,0.0,0.025,0.4,0,None,None,None,None
2018-05-16 13:16:36,864278018432348160,996741206276124673,0.0,0.0,0,0,None,None,943083128830140418,None
2018-05-16 13:21:27,871033495895801857,996742427515019267,0.0,-0.042,0,0,None,None,797229459803926528,None
2018-05-16 14:35:24,979640460271603712,996761034743582721,0.0,0.0,0.0,0,None,None,None,None
2018-05-16 14:37:13,457679596,996761491704635392,0.0,0.0,0.0,0,979640460271603712,None,None,996761034743582721
2018-05-16 18:51:40,15569876,996825527536242688,0.0,0.175,0,0,None,None,2233154425,None
2018-05-16 19:52:42,988830492454785025,996840888084115456,0.0,0.175,0.0,0,None,None,962738614353514496,None
2018-05-16 20:20:35,788197729419796480,996847903825170435,0.0,0.1,0,0,None,None,946932909755305984,None
2018-05-16 05:32:46,1117702423,996624478451810304,0.006,-0.226,0,0,None,None,None,None
2018-05-15 18:18:45,2383776877,996454856830439430,0.013,0.0,0,0,None,None,None,None
2018-05-15 12:43:53,304454012,996370582202732549,0.017,0.0,0,0.0,None,None,None,None
2018-05-15 12:44:04,859183706757574656,996370629141114880,0.017,0.0,0,0.0,304454012,None,None,996370582202732549
2018-05-15 12:44:09,890395064110919684,996370649265434624,0.017,0.0,0,0.0,304454012,None,None,996370582202732549
2018-05-15 12:45:09,882974749114191872,996370901812891648,0.017,0.825,0,0.0,304454012,None,None,996370582202732549
2018-05-15 12:45:15,426635089,996370928119549952,0.017,-0.6,0,0.0,304454012,None,None,996370582202732549
2018-05-15 12:45:17,468096944,996370937443368961,0.017,0.0,0,0.0,304454012,None,None,996370582202732549
2018-05-15 12:45:33,955716650350927872,996371002455134208,0.017,0.217,0,0.0,304454012,None,None,996370582202732549
2018-05-15 12:45:41,803603579705638912,996371036059906048,0.017,-0.167,0,0.0,304454012,None,None,996370582202732549
2018-05-15 12:45:52,945694633673347072,996371081278775296,0.017,0.25,0,0.0,304454012,None,None,996370582202732549
2018-05-15 12:45:52,996253053262049280,996371084931821568,0.017,0.0,0,0.0,304454012,None,None,996370582202732549
2018-05-15 12:45:53,991678463592448000,996371088438312961,0.017,0.578,0,0.0,304454012,None,None,996370582202732549
2018-05-15 12:46:07,995974661568647168,996371147653636096,0.017,0.0,0,0.0,304454012,None,None,996370582202732549
2018-05-15 12:46:09,1398723259,996371152212709376,0.017,0.0,0,0.0,304454012,None,None,996370582202732549
2018-05-15 12:46:11,904710259440214017,996371162144751619,0.017,0.0,0,0.0,304454012,None,None,996370582202732549
2018-05-15 12:46:12,996345903194824704,996371165600997376,0.017,0.0,0,0.0,304454012,None,None,996370582202732549
2018-05-15 12:46:12,903973274069106688,996371166922264576,0.017,0.5,0,0.0,304454012,None,None,996370582202732549
2018-05-15 12:46:18,858502322485317632,996371191580405760,0.017,0.0,0,0.0,304454012,None,None,996370582202732549
2018-05-15 12:46:18,921048241378119680,996371192557731841,0.017,0.0,0,0.0,304454012,None,None,996370582202732549
2018-05-15 12:46:18,860530671609028609,996371194038206464,0.017,0.0,0,0.0,304454012,None,None,996370582202732549
2018-05-15 12:46:19,1310109770,996371195648884736,0.017,0.0,0,0.0,304454012,None,None,996370582202732549
2018-05-15 12:46:20,856551997327024128,996371200900190213,0.017,0.0,0,0.0,304454012,None,None,996370582202732549
2018-05-15 12:46:26,996366527799558145,996371227512946690,0.017,0.0,0,0.0,304454012,None,None,996370582202732549
2018-05-15 12:46:28,4856370569,996371233565487104,0.017,0.0,0,0.0,304454012,None,None,996370582202732549
2018-05-15 12:46:28,996370024062377984,996371234836201472,0.017,0.0,0,0.0,304454012,None,None,996370582202732549
2018-05-15 12:46:30,967820516718448641,996371240981073920,0.017,-0.5,0,0.0,304454012,None,None,996370582202732549
2018-05-15 12:46:32,994890431061217280,996371251911315457,0.017,0.0,0,0.0,304454012,None,None,996370582202732549
2018-05-15 12:46:32,990777846267166720,996371251995131904,0.017,0.0,0,0.0,304454012,None,None,996370582202732549
2018-05-15 12:46:33,996368503195107328,996371253836435456,0.017,0.0,0,0.0,304454012,None,None,996370582202732549
2018-05-15 12:46:36,996353998029385729,996371266788470784,0.017,0.5,0,0.0,304454012,None,None,996370582202732549
2018-05-15 12:46:36,859260202012491777,996371268906569730,0.017,0.0,0,0.0,304454012,None,None,996370582202732549
2018-05-15 12:46:37,863356200334671873,996371272102653957,0.017,0.0,0,0.0,304454012,None,None,996370582202732549
2018-05-15 12:46:37,996370062893240320,996371272845029379,0.017,0.0,0,0.0,304454012,None,None,996370582202732549
2018-05-15 12:46:39,996369351090421761,996371278457065472,0.017,0.0,0,0.0,304454012,None,None,996370582202732549
2018-05-15 12:46:39,865596567494942724,996371279933423616,0.017,0.0,0,0.0,304454012,None,None,996370582202732549
2018-05-15 12:46:42,983625584025595906,996371291002224641,0.017,0.0,0,0.0,304454012,None,None,996370582202732549
2018-05-15 12:46:42,991889076193120256,996371293476831233,0.017,0.0,0,0.0,304454012,None,None,996370582202732549
2018-05-15 12:46:46,994781512011845635,996371310706966529,0.017,0.0,0,0.0,304454012,None,None,996370582202732549
2018-05-15 12:46:48,878633933436473344,996371316390281216,0.017,0.5,0,0.0,304454012,None,None,996370582202732549
2018-05-15 12:46:48,814294788212080640,996371316549730304,0.017,0.0,0,0.0,304454012,None,None,996370582202732549
2018-05-15 12:46:49,883250839258791936,996371321624788992,0.017,-0.096,0,0.0,304454012,None,None,996370582202732549
2018-05-15 12:46:50,936097797698412545,996371325135486977,0.017,0.6,0,0.0,304454012,None,None,996370582202732549
2018-05-15 12:46:52,985146194824327168,996371332823580672,0.017,0.25,0,0.0,304454012,None,None,996370582202732549
2018-05-15 12:46:52,881255010922676224,996371334031491073,0.017,0.0,0,0.0,304454012,None,None,996370582202732549
2018-05-15 12:46:52,877487915550425088,996371335528857601,0.017,-0.25,0,0.0,304454012,None,None,996370582202732549
2018-05-15 12:46:56,994240839370002432,996371352209653760,0.017,0.0,0,0.0,304454012,None,None,996370582202732549
2018-05-15 12:46:56,919903372865449984,996371353304379394,0.017,0.0,0,0.0,304454012,None,None,996370582202732549
2018-05-15 12:46:59,845820388542078976,996371364016603136,0.017,0.0,0,0.0,304454012,None,None,996370582202732549
2018-05-15 12:47:01,959595085947023360,996371371687989248,0.017,0.0,0,0.0,304454012,None,None,996370582202732549
2018-05-15 12:47:02,996367662824345600,996371377060954116,0.017,0.0,0,0.0,304454012,None,None,996370582202732549
2018-05-15 12:47:02,928242042236428289,996371377144786944,0.017,0.0,0,0.0,304454012,None,None,996370582202732549
2018-05-15 12:47:03,764625851908395008,996371379351154690,0.017,0.0,0,0.0,304454012,None,None,996370582202732549
2018-05-15 12:47:04,996279438445760512,996371385004933121,0.017,0.0,0,0.0,304454012,None,None,996370582202732549
2018-05-15 12:47:04,428019947,996371384426090497,0.017,0.5,0,0.0,304454012,None,None,996370582202732549
2018-05-15 12:47:07,1711253293,996371398674149376,0.017,0.0,0,0.0,304454012,None,None,996370582202732549
2018-05-15 12:47:11,990486626416685058,996371413471809538,0.017,0.0,0,0.0,304454012,None,None,996370582202732549
2018-05-15 12:47:11,4339186583,996371415371665409,0.017,0.167,0,0.0,304454012,None,None,996370582202732549
2018-05-15 12:47:15,1186950266,996371429355638785,0.017,0.0,0,0.0,304454012,None,None,996370582202732549
2018-05-15 12:47:16,959455187399315456,996371435030540289,0.017,0.0,0,0.0,304454012,None,None,996370582202732549
2018-05-15 12:47:19,4683272976,996371449794383873,0.017,0.0,0,0.0,304454012,None,None,996370582202732549
2018-05-15 12:47:21,996361080359153666,996371456299712512,0.017,0.0,0,0.0,304454012,None,None,996370582202732549
2018-05-15 12:47:22,744001203818758144,996371460485763074,0.017,0.3,0,0.0,304454012,None,None,996370582202732549
2018-05-15 12:47:27,996346615182000129,996371480182214657,0.017,0.0,0,0.0,304454012,None,None,996370582202732549
2018-05-15 12:47:27,955978655687036928,996371482585399296,0.017,0.0,0,0.0,304454012,None,None,996370582202732549
2018-05-15 12:47:28,866950060612792320,996371485991170048,0.017,0.5,0,0.0,304454012,None,None,996370582202732549
2018-05-15 12:47:29,923612265970053122,996371489770426368,0.017,0.0,0,0.0,304454012,None,None,996370582202732549
2018-05-15 12:47:31,919898849963061249,996371496070270976,0.017,0.0,0,0.0,304454012,None,None,996370582202732549
2018-05-15 12:47:32,813111400277114880,996371503364165633,0.017,0.0,0,0.0,304454012,None,None,996370582202732549
2018-05-15 12:47:36,951123283767947265,996371518690086913,0.017,0.0,0,0.0,304454012,None,None,996370582202732549
2018-05-15 12:47:36,947684919425122304,996371519474352128,0.017,0.0,0,0.0,304454012,None,None,996370582202732549
2018-05-15 12:47:39,948584466057850881,996371530211672066,0.017,0.0,0,0.0,304454012,None,None,996370582202732549
2018-05-15 12:47:40,965221670859374593,996371534108286976,0.017,0.0,0,0.0,304454012,None,None,996370582202732549
2018-05-15 12:47:45,980728367761666049,996371555130081286,0.017,0.0,0,0.0,304454012,None,None,996370582202732549
2018-05-15 12:47:51,961968497138925568,996371582829248513,0.017,0.0,0,0.0,304454012,None,None,996370582202732549
2018-05-15 12:47:51,3231470192,996371583647150083,0.017,0.0,0,0.0,304454012,None,None,996370582202732549
2018-05-15 12:48:00,779839358300000257,996371621047885824,0.017,0.0,0,0.0,304454012,None,None,996370582202732549
2018-05-15 12:48:02,962697355723120640,996371628303892481,0.017,0.0,0,0.0,304454012,None,None,996370582202732549
2018-05-15 12:48:06,846373945133621249,996371645127315457,0.017,0.0,0,0.0,304454012,None,None,996370582202732549
2018-05-15 12:48:08,731786426950393856,996371654816100352,0.017,0.0,0,0.0,304454012,None,None,996370582202732549
2018-05-15 12:48:10,996275221102444544,996371662407852034,0.017,0.7,0,0.0,304454012,None,None,996370582202732549
2018-05-15 12:48:19,957038268964581376,996371698172735488,0.017,0.25,0,0.0,304454012,None,None,996370582202732549
2018-05-15 12:48:20,832146045542871040,996371705378451456,0.017,0.0,0,0.0,304454012,None,None,996370582202732549
2018-05-15 12:48:23,1505330744,996371718099828736,0.017,0.0,0,0.0,304454012,None,None,996370582202732549
2018-05-15 12:48:28,851783924523171840,996371738354208768,0.017,0.2,0,0.0,304454012,None,None,996370582202732549
2018-05-15 12:48:30,3149425927,996371743882203137,0.017,0.0,0,0.0,304454012,None,None,996370582202732549
2018-05-15 12:48:37,2999118908,996371775976964096,0.017,0.0,0,0.0,304454012,None,None,996370582202732549
2018-05-15 12:48:41,764129330926456833,996371790757687298,0.017,-0.167,0,0.0,304454012,None,None,996370582202732549
2018-05-15 12:48:44,725330550479691776,996371805639065601,0.017,0.0,0,0.0,304454012,None,None,996370582202732549
2018-05-15 12:48:47,2550532273,996371814824624131,0.017,0.0,0,0.0,304454012,None,None,996370582202732549
2018-05-15 12:48:59,993743660184322048,996371865294716928,0.017,-0.087,0,0.0,304454012,None,None,996370582202732549
2018-05-15 12:49:00,762347356876578816,996371869786886144,0.017,0.0,0,0.0,304454012,None,None,996370582202732549
2018-05-15 12:49:07,919011454182883328,996371899772014592,0.017,0.0,0,0.0,304454012,None,None,996370582202732549
2018-05-15 12:49:38,784691984950755328,996372031838085122,0.017,-0.036,0,0.0,304454012,None,None,996370582202732549
2018-05-15 12:49:39,1318419253,996372034459455489,0.017,0.0,0,0.0,304454012,None,None,996370582202732549
2018-05-15 12:49:57,723087878914490368,996372111227850752,0.017,0.25,0,0.0,304454012,None,None,996370582202732549
2018-05-15 12:50:01,996353657997217792,996372129032486914,0.017,0.0,0,0.0,304454012,None,None,996370582202732549
2018-05-15 12:50:14,944240875575525377,996372181381611522,0.017,0.0,0,0.0,304454012,None,None,996370582202732549
2018-05-15 12:50:16,910520849698099203,996372191171219458,0.017,0.0,0,0.0,304454012,None,None,996370582202732549
2018-05-15 12:50:51,884779843606298627,996372336088498176,0.017,0.0,0,0.0,304454012,None,None,996370582202732549
2018-05-15 12:51:06,883376316896002048,996372398596276225,0.017,0.5,0,0.0,304454012,None,None,996370582202732549
2018-05-15 12:51:09,47511028,996372411770589184,0.017,0.0,0,0.0,304454012,None,None,996370582202732549
2018-05-15 12:51:16,949283708162355200,996372439780093952,0.017,0.0,0,0.0,304454012,None,None,996370582202732549
2018-05-15 12:51:23,755022542792892416,996372469756841984,0.017,0.0,0,0.0,304454012,None,None,996370582202732549
2018-05-15 12:51:24,854747453446291459,996372473955471360,0.017,0.0,0,0.0,304454012,None,None,996370582202732549
2018-05-15 12:51:33,258269835,996372514048696320,0.017,0.0,0,0.0,304454012,None,None,996370582202732549
2018-05-15 12:52:04,932202737147691008,996372644642439169,0.017,0.437,0,0.0,304454012,None,None,996370582202732549
2018-05-15 12:52:17,973247087725948929,996372699583860737,0.017,0.0,0,0.0,304454012,None,None,996370582202732549
2018-05-15 12:52:38,996367891741093888,996372785814388736,0.017,0.0,0,0.0,304454012,None,None,996370582202732549
2018-05-15 12:52:41,3194535488,996372796979625985,0.017,0.0,0,0.0,304454012,None,None,996370582202732549
2018-05-15 12:53:19,960462878380732416,996372956560343040,0.017,0.0,0,0.0,304454012,None,None,996370582202732549
2018-05-15 12:54:06,951102468045209600,996373153252192256,0.017,0.0,0,0.0,304454012,None,None,996370582202732549
2018-05-15 12:54:21,965061520991313921,996373216221454337,0.017,0.0,0,0.0,304454012,None,None,996370582202732549
2018-05-15 12:54:22,996371695635136512,996373222156316673,0.017,0.0,0,0.0,304454012,None,None,996370582202732549
2018-05-15 12:54:28,995143580409675776,996373245795360768,0.017,0.0,0,0.0,304454012,None,None,996370582202732549
2018-05-15 12:54:32,2251702824,996373262182465536,0.017,0.0,0,0.0,304454012,None,None,996370582202732549
2018-05-15 12:55:12,967731977821417477,996373431447732224,0.017,0.0,0,0.0,304454012,None,None,996370582202732549
2018-05-15 12:56:14,986286011465519104,996373692170100736,0.017,0.0,0,0.0,304454012,None,None,996370582202732549
2018-05-15 12:56:25,961947656007254017,996373738936459265,0.017,0.0,0,0.0,304454012,None,None,996370582202732549
2018-05-15 12:57:16,952787170120499200,996373951969284096,0.017,0.0,0,0.0,304454012,None,None,996370582202732549
2018-05-15 12:59:06,4043355382,996374412499746816,0.017,0.0,0,0.0,304454012,None,None,996370582202732549
2018-05-15 13:00:47,2252022217,996374838741696512,0.017,0.0,0,0.0,304454012,None,None,996370582202732549
2018-05-15 13:01:20,2232857666,996374973571739649,0.017,0.0,0,0.0,304454012,None,None,996370582202732549
2018-05-15 13:02:04,928261960654733313,996375158691479552,0.017,0.357,0,0.0,304454012,None,None,996370582202732549
2018-05-15 13:02:34,996362698563637248,996375287536402432,0.017,0.0,0,0.0,304454012,None,None,996370582202732549
2018-05-15 13:03:00,927036011309285382,996375393127940097,0.017,0.0,0,0.0,304454012,None,None,996370582202732549
2018-05-15 13:04:25,996361179709636608,996375753208905728,0.017,0.0,0,0.0,304454012,None,None,996370582202732549
2018-05-15 13:07:07,961931834593394689,996376428554801152,0.017,0.2,0,0.0,304454012,None,None,996370582202732549
2018-05-15 13:10:41,868768329749712896,996377329730498561,0.017,0.125,0,0.0,304454012,None,None,996370582202732549
2018-05-15 13:13:56,742990536450187264,996378147158351873,0.017,0.5,0,0.0,304454012,None,None,996370582202732549
2018-05-15 13:24:51,950368323866263552,996380892875575296,0.017,0.0,0,0.0,304454012,None,None,996370582202732549
2018-05-15 13:27:58,937715326346846209,996381676266774528,0.017,0.0,0,0.0,304454012,None,None,996370582202732549
2018-05-15 13:38:39,948225768013754368,996384366677803009,0.017,0.0,0,0.0,304454012,None,None,996370582202732549
2018-05-15 14:00:37,969555063491317760,996389895990984704,0.017,0.0,0,0.0,304454012,None,None,996370582202732549
2018-05-15 14:19:14,860245184948436992,996394581037146114,0.017,0.0,0,0.0,304454012,None,None,996370582202732549
2018-05-15 11:49:06,190730444,996356797073149953,0.025,-0.15,0,0.0,None,None,None,None
2018-05-15 18:44:26,752667176,996461318889590785,0.025,0.0,0,0,None,None,752667176,None
2018-05-15 20:08:58,1345694256,996482592668045313,0.026,0.0,0.0,0,None,None,None,None
2018-05-15 20:09:38,1656112260,996482759215452160,0.026,0.0,0.0,0,1345694256,None,None,996482592668045313
2018-05-15 20:09:59,335488693,996482848424103937,0.026,0.0,0.0,0,1345694256,None,None,996482592668045313
2018-05-15 20:10:25,362832086,996482957694169095,0.026,0.35,0.0,0,1345694256,None,None,996482592668045313
2018-05-15 20:12:28,488710500,996483472742023168,0.026,0.0,0.0,0,1345694256,None,None,996482592668045313
2018-05-15 20:15:53,340268660,996484334432514054,0.026,0.033,0.0,0,1345694256,None,None,996482592668045313
2018-05-15 20:30:07,1033482894,996487916783325184,0.026,0.0,0.0,0,1345694256,None,None,996482592668045313
2018-05-15 20:41:41,374150002,996490827382886401,0.026,-0.3,0.0,0,1345694256,None,None,996482592668045313
2018-05-15 23:43:50,885994425733611520,996536663873499136,0.026,0.0,-0.2,0,None,None,None,None
2018-05-16 04:10:56,993219150897139713,996603883362406400,0.028,0.2,0,0,None,None,None,None
2018-05-15 01:01:17,4899354976,996193769186705409,0.033,0.437,0,0,None,None,84300444,None
2018-05-16 14:51:52,958333014089523200,996765180355756038,0.035,0.0,0,0,None,None,958333014089523200,None
2018-05-16 03:31:37,2973230313,996593988013625344,0.039,0.5,0,0,None,None,None,None
2018-05-14 18:04:57,932744206992502784,996088993673629696,0.04,0.0,0,0,1262776610,None,None,994879200942264320
2018-05-14 18:18:02,990981689856978944,996092285476581377,0.04,0.195,0,0,1262776610,None,None,994879200942264320
2018-05-14 18:41:09,980940151814836224,996098105706721280,0.04,-0.333,0,0,1262776610,None,None,994879200942264320
2018-05-14 18:46:38,995922704623484928,996099484554809344,0.04,-0.6,0,0,1262776610,None,None,994879200942264320
2018-05-14 19:13:57,995072192713973760,996106358284996608,0.04,0.0,0,0,1262776610,None,None,994879200942264320
2018-05-14 21:12:44,4171164622,996136250171064321,0.04,0.0,0,0,1262776610,None,None,994879200942264320
2018-05-14 22:20:21,172073039,996153266659561473,0.04,0.0,0,0,1262776610,None,None,994879200942264320
2018-05-14 22:34:08,755102105367564289,996156736619798529,0.04,0.045,0,0,1262776610,None,None,994879200942264320
2018-05-14 22:37:45,994027679690248192,996157648037994496,0.04,0.362,0,0,1262776610,None,None,994879200942264320
2018-05-14 23:03:43,985661327883595776,996164182612631552,0.04,0.0,0,0,1262776610,None,None,994879200942264320
2018-05-14 23:25:14,913774878863581185,996169595022118913,0.04,-0.031,0,0,1262776610,None,None,994879200942264320
2018-05-15 00:48:47,826956075496771585,996190624574525440,0.04,0.25,0,0,1262776610,None,None,994879200942264320
2018-05-15 03:16:13,2249626422,996227724002783233,0.04,0.0,0,0,1262776610,None,None,994879200942264320
2018-05-15 03:29:37,809436252873207808,996231096416329728,0.04,0.0,0,0,1262776610,None,None,994879200942264320
2018-05-15 03:35:32,845869898844684288,996232585280966656,0.04,0.0,0,0,1262776610,None,None,994879200942264320
2018-05-15 04:32:39,988781779015294977,996246959445884929,0.04,0.0,0,0,1262776610,None,None,994879200942264320
2018-05-15 06:45:31,941394717157322753,996280397263720448,0.04,0.083,0,0,1262776610,None,None,994879200942264320
2018-05-15 08:04:51,995995603879411712,996300362771349504,0.04,0.0,0,0,1262776610,None,None,994879200942264320
2018-05-15 10:42:45,979731446620401665,996340098231930880,0.04,0.0,0,0,1262776610,None,None,994879200942264320
2018-05-15 11:07:07,996324332111462400,996346230102872064,0.04,0.0,0,0,1262776610,None,None,994879200942264320
2018-05-15 11:18:03,996072160698478593,996348981742637056,0.04,0.0,0,0,1262776610,None,None,994879200942264320
2018-05-15 11:30:20,937597654971727872,996352075129737217,0.04,0.0,0,0,1262776610,None,None,994879200942264320
2018-05-15 11:53:13,376503230,996357834223726592,0.04,0.0,0,0,1262776610,None,None,994879200942264320
2018-05-15 12:03:59,988509797602426886,996360543245086720,0.04,0.0,0,0,1262776610,None,None,994879200942264320
2018-05-15 12:08:13,806111042732486657,996361609860796416,0.04,0.136,0,0,1262776610,None,None,994879200942264320
2018-05-15 12:19:17,4891581184,996364392940875776,0.04,0.0,0,0,1262776610,None,None,994879200942264320
2018-05-15 12:27:39,866311927525330946,996366496996601857,0.04,0.44,0,0,1262776610,None,None,994879200942264320
2018-05-15 12:42:08,4921677440,996370142484250629,0.04,0.0,0,0,1262776610,None,None,994879200942264320
2018-05-15 12:56:12,995810304247332865,996373684632866817,0.04,0.0,0,0,1262776610,None,None,994879200942264320
2018-05-15 13:05:41,885982867540627456,996376070352928768,0.04,-0.025,0,0,1262776610,None,None,994879200942264320
2018-05-15 13:24:34,911188835488485377,996380823078174720,0.04,-0.1,0,0,1262776610,None,None,994879200942264320
2018-05-15 14:00:02,941143661382918145,996389748263604226,0.04,0.0,0,0,1262776610,None,None,994879200942264320
2018-05-15 14:05:49,984070600107831297,996391202852294657,0.04,0.0,0,0,1262776610,None,None,994879200942264320
2018-05-15 14:10:36,866167978173321216,996392406051446784,0.04,0.0,0,0,1262776610,None,None,994879200942264320
2018-05-15 14:16:11,1259985410,996393810774052865,0.04,0.0,0,0,1262776610,None,None,994879200942264320
2018-05-15 14:16:27,984664313309859840,996393878792978439,0.04,0.0,0,0,1262776610,None,None,994879200942264320
2018-05-15 14:27:33,973833531767083009,996396673323687938,0.04,0.0,0,0,1262776610,None,None,994879200942264320
2018-05-15 14:52:21,223529187,996402914590625792,0.04,-0.05,0,0,1262776610,None,None,994879200942264320
2018-05-15 15:23:48,592672588,996410827434491905,0.04,0.3,0,0,1262776610,None,None,994879200942264320
2018-05-15 15:25:20,1953073374,996411213541081088,0.04,0.4,0,0,1262776610,None,None,994879200942264320
2018-05-15 15:29:42,994727340298010624,996412313765728256,0.04,0.259,0,0,1262776610,None,None,994879200942264320
2018-05-15 15:45:23,921233162738401285,996416258596835329,0.04,-0.25,0,0,1262776610,None,None,994879200942264320
2018-05-15 16:04:49,919096310812246017,996421148782022657,0.04,0.167,0,0,1262776610,None,None,994879200942264320
2018-05-15 18:07:41,991021468116049922,996452072420773888,0.04,0.0,0,0,1262776610,None,None,994879200942264320
2018-05-15 18:25:42,2751962035,996456606513713153,0.04,0.0,0,0,1262776610,None,None,994879200942264320
2018-05-15 18:41:15,991616140123234304,996460520021680128,0.04,0.0,0,0,1262776610,None,None,994879200942264320
2018-05-15 18:51:55,166221740,996463202090323974,0.04,0.0,0,0,1262776610,None,None,994879200942264320
2018-05-15 19:23:27,846629406693056514,996471140112625664,0.04,-0.1,0,0,1262776610,None,None,994879200942264320
2018-05-15 19:44:46,153327674,996476500626067457,0.04,0.0,0,0,1262776610,None,None,994879200942264320
2018-05-15 21:09:29,956823753530531841,996497823112876033,0.04,0.15,0,0,1262776610,None,None,994879200942264320
2018-05-15 23:40:53,806952504797839360,996535924321341440,0.04,0.0,0,0,1262776610,None,None,994879200942264320
2018-05-16 06:14:55,1567055767,996635084877856770,0.04,0.0,0,0,1262776610,None,None,994879200942264320
2018-05-16 07:11:38,755694681586040832,996649357851193344,0.04,0.0,0,0,1262776610,None,None,994879200942264320
2018-05-16 11:19:19,960300353362243584,996711691420422144,0.04,0.0,0,0,1262776610,None,None,994879200942264320
2018-05-16 11:20:29,2352083388,996711981733351424,0.04,0.0,0,0,1262776610,None,None,994879200942264320
2018-05-16 11:29:40,3409687661,996714294191509504,0.04,0.0,0,0,1262776610,None,None,994879200942264320
2018-05-16 11:36:32,872279027376979968,996716022483771392,0.04,0.0,0,0,1262776610,None,None,994879200942264320
2018-05-16 12:11:13,939168855255109632,996724751686164480,0.04,0.0,0,0,1262776610,None,None,994879200942264320
2018-05-16 12:17:17,2361535131,996726276328181760,0.04,0.0,0,0,1262776610,None,None,994879200942264320
2018-05-16 13:29:01,994839204512325632,996744330512494592,0.04,0.0,0,0,1262776610,None,None,994879200942264320
2018-05-16 14:23:48,974947345598042113,996758116015325184,0.04,-0.028,0,0,1262776610,None,None,994879200942264320
2018-05-16 14:46:20,971819348699443200,996763787972624384,0.04,0.0,0,0,1262776610,None,None,994879200942264320
2018-05-16 19:08:44,996290972014272512,996829822394433543,0.04,0.0,0,0,1262776610,None,None,994879200942264320
2018-05-16 19:30:51,62540803,996835386126106624,0.04,0.125,0,0,1262776610,None,None,994879200942264320
2018-05-16 19:32:01,2370991586,996835682629967873,0.04,0.25,0,0,1262776610,None,None,994879200942264320
2018-05-16 20:04:58,745668466745745409,996843974676623368,0.04,0.0,0,0,1262776610,None,None,994879200942264320
2018-05-16 20:27:23,45243787,996849613779947521,0.04,0.033,0,0,1262776610,None,None,994879200942264320
2018-05-16 20:57:17,913168051,996857141070876672,0.04,0.0,0,0,1262776610,None,None,994879200942264320
2018-05-16 00:43:41,567728178,996551726659461120,0.042,-0.125,0,0,None,None,None,None
2018-05-15 03:51:21,3367849660,996236565360754688,0.043,0.258,0,0,None,None,3367849660,None
2018-05-16 19:55:19,366968661,996841543330807808,0.044,0.096,0,0,None,None,44280916,None
2018-05-16 13:21:50,864278018432348160,996742523925151744,0.045,0.0,0,0,None,None,943083128830140418,None
2018-05-15 11:53:12,937651031315447809,996357826925735936,0.05,0.0,0,0,None,None,2904169317,None
2018-05-16 01:26:04,711427986629730304,996562392493387776,0.05,0.4,0,0,None,None,278662460,None
2018-05-16 13:27:25,2823388654,996743925275774976,0.05,0.0,0,0,None,None,None,None
2018-05-15 01:46:44,539566388,996205204562378752,0.056,-1.0,0,0,None,None,None,None
2018-05-16 13:09:25,76743311,996739396291514368,0.062,0.0,0.0,0,None,None,None,None
2018-05-16 14:52:18,1710415580,996765289097330688,0.062,0.0,0,0,None,None,22634945,None
2018-05-16 08:10:21,744965003049050112,996664136548438016,0.067,0.0,0,0,None,None,None,None
2018-05-15 17:12:02,983681330423717888,996438066205208576,0.071,0.8,0,0,None,None,983681330423717888,None
2018-05-15 15:58:48,2551589881,996419635988713472,0.073,-0.5,0,0,None,None,977314819698196485,None
2018-05-15 01:25:03,2216846408,996199749287010305,0.075,0.0,0,0,None,None,None,None
2018-05-15 19:20:33,789981839721017344,996470407933837312,0.076,0.0,0,0,None,None,None,None
2018-05-15 00:40:31,2245811592,996188543817936896,0.077,0.0,0,0,None,None,2245811592,None
2018-05-16 20:41:58,2532507294,996853286853541889,0.08,0.0,0,0,None,None,2358754831,None
2018-05-15 09:10:55,342000543,996316987977428994,0.083,0.0,0,0,None,None,898731335484821506,None
2018-05-16 13:35:04,782878380307865600,996745850838712321,0.083,-0.15,0,0,None,None,None,None
2018-05-15 18:35:56,824754374006145025,996459180293734400,0.087,0.055,0.339,0,None,None,None,None
2018-05-14 23:57:00,853804334,996177591261376512,0.1,0.4,0,0,None,None,None,None
2018-05-15 22:42:25,920928580611162112,996521209515790338,0.1,0.0,0.0,0,None,None,None,None
2018-05-15 22:58:14,168777899,996525190556389377,0.1,0.0,0.0,0,None,None,None,None
2018-05-15 23:13:34,2321272902,996529050477907970,0.1,0.156,0.0,0,168777899,None,None,996525190556389377
2018-05-15 15:40:26,939938483803697152,996415013513498624,0.102,0.155,0,0,None,None,753278309597847552,None
2018-05-15 13:44:50,917113995852763136,996385922236239872,0.11,0.0,0,0,None,None,None,None
2018-05-16 19:50:42,3530428035,996840384683823104,0.113,0.0,0,0,None,None,None,None
2018-05-15 18:18:52,990638449681223681,996454885779533824,0.117,0.0,0,0,None,None,25073877,None
2018-05-15 20:18:22,817756781313196033,996484958242988033,0.117,0.056,0,0,None,None,3817361781,None
2018-05-16 00:46:50,1291472282,996552521815642112,0.117,0.0,0.0,0,None,None,None,None
2018-05-16 06:53:20,797622739,996644750815125505,0.117,0.0,0,0,None,None,None,None
2018-05-15 01:16:31,872357994,996197603464314880,0.125,0.0,0,0,None,None,None,None
2018-05-15 02:20:11,809926355747905540,996213626120867840,0.125,0.125,0,0,809926355747905540,None,None,996019654295465984
2018-05-16 03:39:00,369403263,996595845238874112,0.125,0.2,0,0.0,None,None,None,None
2018-05-16 07:42:47,36175949,996657198175485957,0.126,0.027,0,0,None,None,917568750,None
2018-05-16 03:22:23,575753124,996591666789339142,0.133,0.0,0.286,0,None,None,None,None
2018-05-16 14:06:57,934741098467024897,996753877289480192,0.141,0.0,0,0,None,None,None,None
2018-05-15 14:26:10,953328350352715776,996396323556356098,0.142,0.1,0,0,None,None,559113783,None
2018-05-15 14:32:56,953328350352715776,996398027223977984,0.142,0.1,0,0,None,None,435387517,None
2018-05-15 14:34:35,953328350352715776,996398444322308096,0.142,0.1,0,0,None,None,42455646,None
2018-05-15 13:59:17,4425686353,996389557200478209,0.143,0.0,0,0,None,None,32291774,None
2018-05-15 01:15:25,891420165338001412,996197326678093824,0.15,0.417,0,0,None,None,None,None
2018-05-15 19:15:19,973983514772361221,996469089202733056,0.15,0.0,-0.4,0,None,None,None,None
2018-05-15 22:24:34,887076331095179264,996516716753575936,0.15,0.167,0,0,891420165338001412,None,None,996197326678093824
2018-05-16 01:52:32,803053854325542912,996569053476122626,0.158,0.0,0,0,None,None,995331748673261568,None
2018-05-16 02:10:45,995197343015186432,996573638030606338,0.158,0.0,0,0,803053854325542912,None,None,996569053476122626
2018-05-15 20:42:19,995903793832194048,996490984635617280,0.159,0.0,0,0,None,None,None,None
2018-05-15 22:30:56,4552975393,996518318671478784,0.163,0.042,0,0,None,None,None,None
2018-05-15 15:22:50,994329789044613125,996410582843772933,0.167,0.0,0.0,0,None,None,None,None
2018-05-16 00:47:19,923905391481839616,996552643043581952,0.172,0.425,0.0,0,None,None,None,None
2018-05-16 13:03:02,4288478006,996737788899868672,0.188,-0.35,0,0,None,None,None,None
2018-05-15 14:17:19,953328350352715776,996394095466590210,0.192,0.1,0,0,None,None,None,None
2018-05-15 06:48:51,1326627812,996281238032994304,0.193,0.0,0,0,None,None,None,None
2018-05-15 21:27:44,52063766,996502416718692352,0.2,0.425,0,0.0,None,None,None,None
2018-05-16 01:52:05,1571457979,996568942142414848,0.2,0.172,0,0.0,52063766,None,None,996502416718692352
2018-05-16 20:50:03,228979057,996855320180703232,0.2,0.0,0,0.0,52063766,None,None,996502416718692352
2018-05-16 21:01:53,720413242875465728,996858298400993282,0.2,-0.4,0,0.0,52063766,None,None,996502416718692352
2018-05-15 10:02:09,128238797,996329881947574272,0.217,0.0,0,0,86449066,None,None,996012970202288128
2018-05-15 10:03:54,378138746,996330321414148096,0.217,0.125,0,0,86449066,None,None,996012970202288128
2018-05-15 11:01:11,118106152,996344738335875072,0.217,0.0,0,0,None,None,None,None
2018-05-16 00:00:45,234580907,996540924808323073,0.217,0.0,0,0,118106152,None,None,996344738335875072
2018-05-15 12:42:20,2535590152,996370194229477376,0.237,0.0,0,0,None,None,21829541,None
2018-05-15 12:43:48,720008230412410885,996370561063366656,0.237,0.0,0,0,2535590152,None,None,996370194229477376
2018-05-15 13:52:22,70290970,996387817633726464,0.237,0.0,0,0,None,None,70290970,None
2018-05-15 10:32:42,605217585,996337568370348032,0.25,0.0,0,0,567617286,None,None,707661275397013504
2018-05-15 10:49:40,1935603038,996341841338470400,0.25,0.0,0,0,567617286,None,None,707661275397013504
2018-05-15 11:09:58,3295964730,996346948515921920,0.25,0.0,0,0,567617286,None,None,707661275397013504
2018-05-15 11:47:08,2527182436,996356301465837568,0.25,1.0,0,0,567617286,None,None,707661275397013504
2018-05-15 13:42:13,2735408901,996385265081036800,0.25,0.0,0,0,567617286,None,None,707661275397013504
2018-05-15 16:04:22,2772986374,996421035540049926,0.25,0.0,0,0,567617286,None,None,707661275397013504
2018-05-15 17:18:16,1365229777,996439633700384768,0.25,0.0,0,0,567617286,None,None,707661275397013504
2018-05-15 20:06:48,4893464505,996482046275960832,0.25,0.0,0,0,None,None,None,None
2018-05-15 22:16:59,3301755199,996514809574146048,0.25,0.7,0,0,None,None,None,None
2018-05-15 23:55:28,3906902416,996539593943146496,0.25,0.0,0,0,None,None,None,None
2018-05-16 13:18:02,933489766154174465,996741565929279488,0.25,0.057,0,0.0,None,None,None,None
2018-05-15 00:54:18,2314797331,996192010229837824,0.26,0.0,0,0,None,None,None,None
2018-05-16 02:34:46,25773567,996579683104796672,0.333,0.022,0,0,None,None,3378571438,None
2018-05-14 21:16:33,497151524,996137212227018754,0.35,0.0,0,0,2907565489,None,None,996136841618382848
2018-05-15 08:07:22,1447213633,996300994832142336,0.35,0.0,0.0,0,None,None,None,None
2018-05-16 17:58:54,477496155,996812248340312064,0.35,0.0,-0.05,0,2798752188,None,None,996786702046777354
2018-05-16 18:06:20,547859769,996814119981363200,0.35,0.0,-0.05,0,2798752188,None,None,996786702046777354
2018-05-16 18:26:53,406076569,996819290492780544,0.35,0.212,-0.05,0,2798752188,None,None,996786702046777354
2018-05-16 19:29:17,4340769852,996834995414028288,0.35,0.0,-0.05,0,2798752188,None,None,996786702046777354
2018-05-16 14:27:45,713350012776947712,996759109587398657,0.367,0.0,0,0,None,None,None,None
2018-05-15 00:57:45,852925963121946624,996192880485126144,0.375,0.1,0,0,None,None,None,None
2018-05-15 16:03:54,964921361285173250,996420918112112640,0.4,0.0,0,0,None,None,726237017483276289,None
2018-05-15 18:08:59,767962585153019904,996452398234329088,0.425,0.25,0,0,None,None,None,None
2018-05-16 18:16:19,864278018432348160,996816633149575168,0.434,0.0,0,0,None,None,943083128830140418,None
2018-05-14 18:36:48,2717413480,996097009097424898,0.5,0.0,0,0,None,None,None,None
2018-05-15 01:03:03,962155047554396160,996194211237052418,0.5,-0.003,0,0,None,None,None,None
2018-05-15 03:29:44,989279935972847616,996231125721800710,0.5,0.0,0,0,761143928766787584,None,None,995904361212489728
2018-05-15 03:49:19,152006857,996236056050610176,0.5,0.0,0,0,761143928766787584,None,None,995904361212489728
2018-05-15 05:35:44,957241095561334785,996262836664983552,0.5,0.25,0.0,0.0,None,None,None,None
2018-05-15 15:53:42,20440660,996418353420959746,0.5,0.0,0,0.0,None,None,None,None
2018-05-15 22:09:31,883177470907645953,996512931285118977,0.5,-0.103,0,0,None,None,955168235816710144,None
2018-05-16 11:54:59,991270026597384193,996720664345133056,0.5,0.0,0,0.0,955021528478859264,None,None,996113583892246528
2018-05-16 14:14:12,553599531,996755702050942982,0.5,0.7,0,0,None,None,991049222249177088,None
2018-05-15 20:29:57,941381443841875970,996487872348909568,0.7,0.55,0,0,None,None,4038705975,None
2018-05-15 02:34:54,2222195496,996217329951346688,0.8,0.0,0,0,None,None,None,None
